{
  "version": 1,
  "author": "Shashwat Shukla",
  "editor": "wokwi",
  "parts": [
    { "type": "board-esp32-devkit-c-v4", "id": "esp", "top": 0, "left": -52.76, "attrs": {} },
    {
      "type": "board-ssd1306",
      "id": "oled1",
      "top": 60.74,
      "left": 105.83,
      "attrs": { "i2cAddress": "0x3c" }
    }
  ],
  "connections": [
    [ "esp:TX", "$serialMonitor:RX", "", [] ],
    [ "esp:RX", "$serialMonitor:TX", "", [] ],
    [ "oled1:GND", "esp:GND.2", "black", [ "v0" ] ],
    [ "oled1:VCC", "esp:3V3", "red", [ "v-96", "h-9.45" ] ],
    [ "oled1:SDA", "esp:21", "green", [ "v-48", "h57.67", "v163.2", "h-153.6", "v-105.6" ] ],
    [ "oled1:SCL", "esp:22", "violet", [ "v-67.2", "h-95.7", "v48" ] ]
  ],
  "dependencies": {}
}